[
  {
    "name": "theme_info",
    "theme_name": "ShopBotfy®",
    "theme_author": "shopbotfy",
    "theme_version": "4.7",
    "theme_documentation_url": "https://www.shopbotfy.com/",
    "theme_support_url": "https://www.shopbotfy.com/"
  },
  {
    "name": "Colors",
    "settings": [
      {
        "type": "header",
        "content": "General",
        "info": "Original theme [ShopBotfy](https://www.shopbotfy.com) official license."
      },
      {
        "type": "color",
        "id": "heading_color",
        "label": "Titles",
        "default": "#1c1b1b"
      },
      {
        "type": "color",
        "id": "text_color",
        "label": "Body of texts",
        "default": "#677279"
      },
      {
        "type": "color",
        "id": "accent_color",
        "label": "Accent",
        "default": "#00badb"
      },
      {
        "type": "color",
        "id": "link_color",
        "label": "Link color",
        "default": "#838383"
      },
      {
        "type": "color",
        "id": "border_color",
        "label": "Edges",
        "default": "#e1e3e4"
      },
      {
        "type": "color",
        "id": "background",
        "label": "Background",
        "default": "#f3f5f6"
      },
      {
        "type": "color",
        "id": "secondary_background",
        "label": "Secondary background",
        "info": "For best results, secondary background must not be too far from primary background",
        "default": "#ffffff"
      },
      {
        "type": "color",
        "id": "error_color",
        "label": "Error messages",
        "default": "#ff0000"
      },
      {
        "type": "color",
        "id": "success_color",
        "label": "Success Messages",
        "default": "#00aa00"
      },
      {
        "type": "header",
        "content": "Primary button"
      },
      {
        "type": "color",
        "id": "primary_button_background",
        "label": "Background",
        "default": "#00badb"
      },
      {
        "type": "color",
        "id": "primary_button_text_color",
        "label": "Texts",
        "default": "#ffffff"
      },
      {
        "type": "header",
        "content": "Secondary button"
      },
      {
        "type": "color",
        "id": "secondary_button_background",
        "label": "Background",
        "default": "#1e2d7d"
      },
      {
        "type": "color",
        "id": "secondary_button_text_color",
        "label": "Texts",
        "default": "#ffffff"
      },
      {
        "type": "header",
        "content": "Footer"
      },
      {
        "type": "color",
        "id": "footer_background",
        "label": "Footer color",
        "default": "#ff0000"
      },
      {
        "type": "color",
        "id": "footer_text_color",
        "label": "Footer texts",
        "default": "#ff0000"
      },
      {
        "type": "header",
        "content": "Header"
      },
      {
        "type": "color",
        "id": "header_background",
        "label": "Background color",
        "default": "#1e2d7d"
      },
      {
        "type": "color",
        "id": "header_text_color",
        "label": "Texts",
        "default": "#ffffff"
      },
      {
        "type": "color",
        "id": "header_light_text_color",
        "label": "Secondary texts",
        "default": "#ffffff"
      },
      {
        "type": "color",
        "id": "header_accent_color",
        "label": "Accent",
        "default": "#00badb"
      },
      {
        "type": "header",
        "content": "Products"
      },
      {
        "type": "color",
        "id": "product_on_sale_accent",
        "label": "bar save",
        "default": "#ee0000"
      },
      {
        "type": "color",
        "id": "product_cor_do_preco_semdesc",
        "label": "Price color",
        "default": "#1fc06f"
      },
      {
        "type": "color",
        "id": "product_cor_do_preco",
        "label": "Discount price color",
        "default": "#1fc06f"
      },
      {
        "type": "color",
        "id": "product_cor_do_preco_riscado",
        "label": "Color of crossed out price",
        "default": "#1fc06f"
      },
      {
        "type": "color",
        "id": "product_cor_dos_titles",
        "label": "Information titles",
        "default": "#0086ff"
      },
      {
        "type": "color",
        "id": "product_in_stock_color",
        "label": "In stock",
        "default": "#00a500"
      },
      {
        "type": "color",
        "id": "product_low_stock_color",
        "label": "Low stock",
        "default": "#ee0000"
      },
      {
        "type": "color",
        "id": "product_sold_out_color",
        "label": "Sold out",
        "default": "#8a9297"
      },
      {
        "type": "color",
        "id": "product_label_1_background",
        "label": "Custom label 1 background",
        "default": "#0774d7"
      },
      {
        "type": "color",
        "id": "product_label_2_background",
        "label": "Custom label 2 background",
        "default": "#00a500"
      },
      {
        "type": "color",
        "id": "product_star_color",
        "label": "Review star",
        "default": "#ffbd00"
      }
    ]
  },
  {
    "name": "Blocker",
    "settings": [
      {
        "type": "header",
        "content": "Functions",
        "info": "Original theme [ShopBotfy](https://www.shopbotfy.com)) official license."
      },
      {
        "type": "checkbox",
        "id": "ali_hunter_enable",
        "label": "Block AliHunter",
        "default": true
      },
      {
        "type": "checkbox",
        "id": "botao_direito_enable",
        "label": "Lock right button",
        "default": true
      },
      {
        "type": "checkbox",
        "id": "atalho_f12_enable",
        "label": "Block F12",
        "default": true
      },
      {
        "type": "checkbox",
        "id": "selecionar_conteudo_enable",
        "label": "Block content selection",
        "default": true
      }
    ]
  },
  {
    "name": "Whatsapp",
    "settings": [
      {
        "type": "header",
        "content": "WhatsApp button",
        "info": "Original theme [ShopBotfy](https://www.shopbotfy.com). If purchased from third-party websites without an official license, you will be subject to legal action."
      },
      {
        "type": "checkbox",
        "id": "addzap",
        "label": "Activate the WhatsApp button on the website",
        "default": false
      },
      {
        "type": "textarea",
        "id": "numberzap",
        "label": "WhatsApp number",
        "info": "The number that will receive the message must be entered with - country code - followed by the state code and then the number with the prefix included."
      },
      {
        "type": "textarea",
        "id": "titlezap",
        "label": "Box Title and Subtitle",
        "info": "Customize message box writing"
      },
      {
        "type": "color",
        "id": "colorzap",
        "label": "Select Box color",
        "info": "Change the background color",
        "default": "#25D366"
      },
      {
        "type": "textarea",
        "id": "chatzap",
        "label": "Message text",
        "info": "Customize chat writing"
      },
      {
        "type": "textarea",
        "id": "digizap",
        "label": "Text where you writer",
        "info": "The text that shows to the customer"
      },
      {
        "type": "header",
        "content": "ShopBotfy Team"
      },
      {
        "type": "paragraph",
        "content": "Code provided by [ShopBotfy](https://www.shopbotfy.com/) Thank you for supporting us!"
      }
    ]
  },
  {
    "name": "Typography",
    "settings": [
      {
        "type": "range",
        "id": "base_text_font_size",
        "label": "Base size",
        "info": "All texts, including headings, will scale accordingly.",
        "min": 14,
        "max": 17,
        "unit": "px",
        "default": 15
      },
      {
        "type": "header",
        "content": "Headings"
      },
      {
        "type": "font_picker",
        "id": "heading_font",
        "label": "Font",
        "default": "helvetica_n4"
      },
      {
        "type": "header",
        "content": "Body text"
      },
      {
        "type": "font_picker",
        "id": "text_font",
        "label": "Font",
        "default": "helvetica_n4"
      },
      {
        "type": "checkbox",
        "id": "underline_links",
        "label": "Underline links",
        "info": "Only applies to links defined in rich text fields.",
        "default": false
      }
    ]
  },
  {
    "name": "Animations",
    "settings": [
      {
        "type": "checkbox",
        "id": "animation_image_zoom",
        "label": "Enable image zoom on hover",
        "default": true
      }
    ]
  },
  {
    "name": "Search",
    "settings": [
      {
        "type": "select",
        "id": "search_mode",
        "label": "Search only...",
        "options": [
          {
            "value": "product",
            "label": "Products only"
          },
          {
            "value": "product,page",
            "label": "Products and pages"
          },
          {
            "value": "product,article",
            "label": "Products and blog posts"
          },
          {
            "value": "product,article,page",
            "label": "Products, blog posts and pages"
          }
        ],
        "default": "product,article"
      }
    ]
  },
  {
    "name": "Product grid",
    "settings": [
      {
        "type": "header",
        "content": "Free Shipping Bar",
        "info": "Original theme [ShopBotfy](https://www.shopbotfy.com) official license."
      },
      {
        "type": "checkbox",
        "id": "mostrar_fretegratis1",
        "label": "Show free shipping",
        "default": true
      },
      {
        "type": "color",
        "id": "cordabarra",
        "label": "Bar color",
        "default": "#ffffff"
      },
      {
        "type": "color",
        "id": "cordotexto",
        "label": "Text color",
        "default": "#ffffff"
      },
      {
        "type": "header",
        "content": "Installments",
        "info": "Configure the interest of the product page and product grid and whether it should be shown as With Interest or Without Interest."
      },
      {
        "type": "select",
        "id": "mostrar_parcelascomo",
        "label": "Report interest on installments",
        "options": [
          {
            "value": "info_juros",
            "label": "Report interest"
          },
          {
            "value": "info_sem_juros",
            "label": "Inform interest free"
          },
          {
            "value": "no_info_juros",
            "label": "Hide interest"
          }
        ],
        "default": "info_juros"
      },
      {
        "type": "text",
        "id": "porcentagem_de_juros",
        "label": "Enter the interest percentage",
        "info": "Enter the percentage value starting from the number 1 and the point"
      },
      {
        "type": "range",
        "id": "qty_vezes",
        "label": "How many times",
        "min": 1,
        "max": 12,
        "step": 1,
        "default": 1
      },
      {
        "type": "header",
        "content": "Estrelas"
      },
      {
        "type": "checkbox",
        "id": "mostrar_estrelas_ryviu",
        "label": "Show stars Ryviu",
        "default": true
      },
      {
        "type": "checkbox",
        "id": "mostrar_estrelas",
        "label": "Show 5 stars",
        "default": true
      },
      {
        "type": "color",
        "id": "corstars",
        "label": "Color of the stars",
        "default": "#ffffff"
      },
      {
        "type": "header",
        "content": "Black Friday image",
        "info": "For you to activate the image on a specific product in the product carousel, you must add the following TAG ON THE PRODUCT: blackfriday"
      },
      {
        "type": "checkbox",
        "id": "mostrar_bfimg",
        "label": "Show image Black Friday",
        "default": true
      },
      {
        "type": "header",
        "content": "Others"
      },
      {
        "type": "checkbox",
        "id": "show_vendor",
        "label": "Show seller",
        "default": false
      },
      {
        "type": "checkbox",
        "id": "show_secondary_image",
        "label": "Show secondary image on hover",
        "default": false
      },
      {
        "type": "checkbox",
        "id": "show_discount",
        "label": "Mostrar desconto",
        "default": true
      },
      {
        "type": "select",
        "id": "discount_mode",
        "label": "Show discount as...",
        "options": [
          {
            "value": "percentage",
            "label": "Percentage"
          },
          {
            "value": "saving",
            "label": "Saved"
          }
        ],
        "default": "saving"
      },
      {
        "type": "select",
        "id": "product_price_position",
        "label": "Price position",
        "options": [
          {
            "value": "before_title",
            "label": "Before product title"
          },
          {
            "value": "after_title",
            "label": "After product title"
          }
        ],
        "default": "after_title"
      },
      {
        "type": "select",
        "id": "product_image_size",
        "label": "Product image size",
        "options": [
          {
            "value": "natural",
            "label": "Natural"
          },
          {
            "value": "short",
            "label": "Short (4:3)"
          },
          {
            "value": "square",
            "label": "Square (1:1)"
          },
          {
            "value": "tall",
            "label": "Tall (2:3)"
          }
        ],
        "default": "natural"
      },
      {
        "type": "checkbox",
        "id": "show_color_swatch",
        "label": "Show color swatch",
        "info": "Colors appear white? [Learn more](http://support.maestrooo.com/article/80-product-uploading-custom-color-for-color-swatch)",
        "default": false
      },
      {
        "type": "checkbox",
        "id": "show_inventory_quantity",
        "label": "Show inventory",
        "default": false
      },
      {
        "type": "range",
        "id": "low_inventory_threshold",
        "label": "Low inventory threshold",
        "info": "Show inventory quantity in red when quantity is below the threshold. Choose 0 to always show in stock if available.",
        "min": 0,
        "max": 100,
        "step": 1,
        "default": 0
      },
      {
        "type": "checkbox",
        "id": "show_reviews_badge",
        "label": "Show reviews badge",
        "info": "You need to install [Shopify's free Product Reviews](https://apps.shopify.com/product-reviews) app before enabling this option.",
        "default": false
      }
    ]
  },
  {
    "name": "Cart",
    "settings": [
      {
        "type": "select",
        "id": "cart_type",
        "label": "Cart type",
        "options": [
          {
            "value": "drawer",
            "label": "Drawer"
          },
          {
            "value": "page",
            "label": "Page"
          }
        ],
        "default": "drawer"
      },
      {
        "type": "url",
        "id": "cart_empty_button_link",
        "label": "Empty button link",
        "default": "/collections/all"
      },
      {
        "type": "checkbox",
        "id": "cart_show_free_shipping_threshold",
        "label": "Show free shipping minimum amount",
        "info": "Make sure that you have properly configured your [shipping rates](/admin/settings/shipping).",
        "default": false
      },
      {
        "type": "text",
        "id": "cart_free_shipping_threshold",
        "label": "Free shipping minimum amount",
        "info": "Only write a number, no letters. Wording can be changed in [language settings](https://support.maestrooo.com/article/55-changing-themes-wording).",
        "default": "50"
      }
    ]
  },
  {
    "name": "Social media",
    "settings": [
      {
        "type": "header",
        "content": "Accounts"
      },
      {
        "type": "text",
        "id": "social_facebook",
        "info": "https://www.facebook.com/shopify",
        "label": "Facebook"
      },
      {
        "type": "text",
        "id": "social_twitter",
        "info": "https://twitter.com/shopify",
        "label": "Twitter"
      },
      {
        "type": "text",
        "id": "social_pinterest",
        "info": "https://www.pinterest.com/shopify",
        "label": "Pinterest"
      },
      {
        "type": "text",
        "id": "social_instagram",
        "info": "https://instagram.com/shopify",
        "label": "Instagram"
      },
      {
        "type": "text",
        "id": "social_vimeo",
        "info": "https://vimeo.com/shopify",
        "label": "Vimeo"
      },
      {
        "type": "text",
        "id": "social_tumblr",
        "info": "https://shopify.tumblr.com",
        "label": "Tumblr"
      },
      {
        "type": "text",
        "id": "social_youtube",
        "info": "https://www.youtube.com/user/shopify",
        "label": "YouTube"
      },
      {
        "type": "text",
        "id": "social_linkedin",
        "info": "https://linkedin.com/in/shopify",
        "label": "LinkedIn"
      },
      {
        "type": "text",
        "id": "social_snapchat",
        "info": "https://snapchat.com/add/shopify",
        "label": "Snapchat"
      },
      {
        "type": "text",
        "id": "social_fancy",
        "info": "https://fancy.com/Shopify",
        "label": "Fancy"
      }
    ]
  },
  {
    "name": "Favicon",
    "settings": [
      {
        "type": "image_picker",
        "id": "favicon",
        "label": "Image",
        "info": "96 x 96px .png recommended"
      }
    ]
  }
]
