[
  {
    "name": "theme_info",
    "theme_name": "ShopBotfy®",
    "theme_author": "www.shopbotfy.com",
    "theme_version": "4.7",
    "theme_documentation_url": "https://www.shopbotfy.com/",
    "theme_support_url": "https://www.shopbotfy.com/"
  },
  {
    "name": "Cores",
    "settings": [
      {
        "type": "header",
        "content": "Geral",
        "info": "Tema original [ShopBotfy](https://www.shopbotfy.com/) licença oficial."
      },
      {
        "type": "color",
        "id": "heading_color",
        "label": "Títulos",
        "default": "#1c1b1b"
      },
      {
        "type": "color",
        "id": "text_color",
        "label": "Corpo dos textos",
        "default": "#677279"
      },
      {
        "type": "color",
        "id": "accent_color",
        "label": "Acento",
        "default": "#00badb"
      },
      {
        "type": "color",
        "id": "link_color",
        "label": "Cor dos links",
        "default": "#838383"
      },
      {
        "type": "color",
        "id": "border_color",
        "label": "Bordas",
        "default": "#e1e3e4"
      },
      {
        "type": "color",
        "id": "background",
        "label": "Background",
        "default": "#f3f5f6"
      },
      {
        "type": "color",
        "id": "secondary_background",
        "label": "Secondary background",
        "info": "Para melhores resultados, o fundo secundário não deve estar muito distante do fundo primário",
        "default": "#ffffff"
      },
      {
        "type": "color",
        "id": "error_color",
        "label": "Mensagens de erro",
        "default": "#ff0000"
      },
      {
        "type": "color",
        "id": "success_color",
        "label": "Mensagens de sucesso",
        "default": "#00aa00"
      },
      {
        "type": "header",
        "content": "Botão primário"
      },
      {
        "type": "color",
        "id": "primary_button_background",
        "label": "Background",
        "default": "#00badb"
      },
      {
        "type": "color",
        "id": "primary_button_text_color",
        "label": "Texto",
        "default": "#ffffff"
      },
      {
        "type": "header",
        "content": "Botão secundário"
      },
      {
        "type": "color",
        "id": "secondary_button_background",
        "label": "Background",
        "default": "#1e2d7d"
      },
      {
        "type": "color",
        "id": "secondary_button_text_color",
        "label": "Texto",
        "default": "#ffffff"
      },
      {
        "type": "header",
        "content": "Rodapé"
      },
      {
        "type": "color",
        "id": "footer_background",
        "label": "Cor do rodapé",
        "default": "#ff0000"
      },
      {
        "type": "color",
        "id": "footer_text_color",
        "label": "Textos do rodapé",
        "default": "#ff0000"
      },
      {
        "type": "header",
        "content": "Cabeçalho"
      },
      {
        "type": "color",
        "id": "header_background",
        "label": "Cor do fundo",
        "default": "#1e2d7d"
      },
      {
        "type": "color",
        "id": "header_text_color",
        "label": "Texto",
        "default": "#ffffff"
      },
      {
        "type": "color",
        "id": "header_light_text_color",
        "label": "Textos secundários",
        "default": "#ffffff"
      },
      {
        "type": "color",
        "id": "header_accent_color",
        "label": "Acento",
        "default": "#00badb"
      },
      {
        "type": "header",
        "content": "Produtos"
      },
      {
        "type": "color",
        "id": "product_on_sale_accent",
        "label": "Barra economize",
        "default": "#ee0000"
      },
      {
        "type": "color",
        "id": "product_cor_do_preco_semdesc",
        "label": "Cor do preço",
        "default": "#1fc06f"
      },
      {
        "type": "color",
        "id": "product_cor_do_preco",
        "label": "Cor do preço com desconto",
        "default": "#1fc06f"
      },
      {
        "type": "color",
        "id": "product_cor_do_preco_riscado",
        "label": "Cor do preço riscado",
        "default": "#1fc06f"
      },
      {
        "type": "color",
        "id": "product_cor_dos_titles",
        "label": "Títulos das informações",
        "default": "#0086ff"
      },
      {
        "type": "color",
        "id": "product_in_stock_color",
        "label": "Em estoque",
        "default": "#00a500"
      },
      {
        "type": "color",
        "id": "product_low_stock_color",
        "label": "Baixo estoque",
        "default": "#ee0000"
      },
      {
        "type": "color",
        "id": "product_sold_out_color",
        "label": "Sold out",
        "default": "#8a9297"
      },
      {
        "type": "color",
        "id": "product_label_1_background",
        "label": "Custom label 1 background",
        "default": "#0774d7"
      },
      {
        "type": "color",
        "id": "product_label_2_background",
        "label": "Custom label 2 background",
        "default": "#00a500"
      },
      {
        "type": "color",
        "id": "product_star_color",
        "label": "Review star",
        "default": "#ffbd00"
      }
    ]
  },
  {
    "name": "Bloqueadores",
    "settings": [
      {
        "type": "header",
        "content": "Funções",
        "info": "Tema original [ShopBotfy](https://www.shopbotfy.com/) licença oficial."
      },
      {
        "type": "checkbox",
        "id": "ali_hunter_enable",
        "label": "Bloquear AliHunter",
        "default": true
      },
      {
        "type": "checkbox",
        "id": "botao_direito_enable",
        "label": "Bloquear botão direito",
        "default": true
      },
      {
        "type": "checkbox",
        "id": "atalho_f12_enable",
        "label": "Bloquear botão F12",
        "default": true
      },
      {
        "type": "checkbox",
        "id": "selecionar_conteudo_enable",
        "label": "Bloquear seleção de conteúdo",
        "default": true
      }
    ]
  },
  {
    "name": "Whatsapp",
    "settings": [
      {
        "type": "header",
        "content": "Botão WhatsApp",
        "info": "Tema original [ShopBotfy](https://www.shopbotfy.com/). Se comprado em sites de terceiros sem licença oficial, estará sujeito a processos judiciais."
      },
      {
        "type": "checkbox",
        "id": "addzap",
        "label": "Ativa o botão de WhatsApp no site",
        "default": false
      },
      {
        "type": "textarea",
        "id": "numberzap",
        "label": "Número do WhatsApp",
        "info": "O número que vai receber a mensagem deve ser colocado com 55 - código do país - seguido do DDD do estado e depois o número com o prefixo incluso. Ex: 5551988887777"
      },
      {
        "type": "textarea",
        "id": "titlezap",
        "label": "Título e Subtítulo do Box",
        "info": "Personalize a escrita da caixa de mensagem"
      },
      {
        "type": "color",
        "id": "colorzap",
        "label": "Selecione a cor do Box",
        "info": "Troque a cor de fundo",
        "default": "#25D366"
      },
      {
        "type": "textarea",
        "id": "chatzap",
        "label": "Texto da mensagem",
        "info": "Personalize a escrita no chat"
      },
      {
        "type": "textarea",
        "id": "digizap",
        "label": "Texto onde vai escrever",
        "info": "O texto que mostra para o cliente"
      },
      {
        "type": "header",
        "content": "Equipe ShopBotfy"
      },
      {
        "type": "paragraph",
        "content": "Código fornecido por [ShopBotfy](https://www.shopbotfy.com/) Obrigado por nos apoiar!"
      }
    ]
  },
  {
    "name": "Tipografia",
    "settings": [
      {
        "type": "range",
        "id": "base_text_font_size",
        "label": "Tamanho básico",
        "info": "Todos os textos, incluindo títulos, serão dimensionados de acordo.",
        "min": 14,
        "max": 17,
        "unit": "px",
        "default": 15
      },
      {
        "type": "header",
        "content": "Títulos"
      },
      {
        "type": "font_picker",
        "id": "heading_font",
        "label": "Font",
        "default": "helvetica_n4"
      },
      {
        "type": "header",
        "content": "Corpo do texto"
      },
      {
        "type": "font_picker",
        "id": "text_font",
        "label": "Font",
        "default": "helvetica_n4"
      },
      {
        "type": "checkbox",
        "id": "underline_links",
        "label": "Sublinhar links",
        "info": "Aplica-se apenas a links definidos em campos rich text.",
        "default": false
      }
    ]
  },
  {
    "name": "Animações",
    "settings": [
      {
        "type": "checkbox",
        "id": "animation_image_zoom",
        "label": "Ativar zoom da imagem ao passar o mouse",
        "default": true
      }
    ]
  },
  {
    "name": "Pesquisa",
    "settings": [
      {
        "type": "select",
        "id": "search_mode",
        "label": "Pesquisar apenas...",
        "options": [
          {
            "value": "product",
            "label": "Somente produtos"
          },
          {
            "value": "product,page",
            "label": "Produtos e páginas"
          },
          {
            "value": "product,article",
            "label": "Produtos e postagens de blog"
          },
          {
            "value": "product,article,page",
            "label": "Produtos, postagens de blog e páginas"
          }
        ],
        "default": "product,article"
      }
    ]
  },
  {
    "name": "Grade de produtos",
    "settings": [
      {
        "type": "header",
        "content": "Barra de Frete Grátis",
        "info": "Tema original [Shopbotfy](https://www.shopbotfy.com/) licença oficial."
      },
      {
        "type": "checkbox",
        "id": "mostrar_fretegratis1",
        "label": "Mostrar frete grátis",
        "default": true
      },
      {
        "type": "color",
        "id": "cordabarra",
        "label": "Cor da barra",
        "default": "#ffffff"
      },
      {
        "type": "color",
        "id": "cordotexto",
        "label": "Cor do texto",
        "default": "#ffffff"
      },
      {
        "type": "header",
        "content": "Parcelamentos",
        "info": "Configure os juros da página do produto e da grade de produtos e se deve ser mostrado como Com Juros ou Sem Juros."
      },
      {
        "type": "select",
        "id": "mostrar_parcelascomo",
        "label": "Informar juros nas parcelas",
        "options": [
          {
            "value": "info_juros",
            "label": "Informar juros"
          },
          {
            "value": "info_sem_juros",
            "label": "Informar sem juros"
          },
          {
            "value": "no_info_juros",
            "label": "Ocultar juros"
          }
        ],
        "default": "info_juros"
      },
      {
        "type": "text",
        "id": "porcentagem_de_juros",
        "label": "Informe a Porcentagem de juros",
        "info": "Digite o valor do percentual a partir do número 1 e o ponto"
      },
      {
        "type": "range",
        "id": "qty_vezes",
        "label": "Em até quantas vezes",
        "min": 1,
        "max": 12,
        "step": 1,
        "default": 1
      },
      {
        "type": "header",
        "content": "Estrelas"
      },
      {
        "type": "checkbox",
        "id": "mostrar_estrelas_ryviu",
        "label": "Mostrar estrelas Ryviu",
        "default": true
      },
      {
        "type": "checkbox",
        "id": "mostrar_estrelas",
        "label": "Mostrar 5 estrelas",
        "default": true
      },
      {
        "type": "color",
        "id": "corstars",
        "label": "Cor das estrelas",
        "default": "#ffffff"
      },
      {
        "type": "header",
        "content": "Imagem Black Friday",
        "info": "Para você ativar a imagem em um produto específico no carrossel de produtos, é necessário que você adicione a seguinte TAG NO PRODUTO: blackfriday"
      },
      {
        "type": "checkbox",
        "id": "mostrar_bfimg",
        "label": "Mostrar imagem Black Friday",
        "default": true
      },
      {
        "type": "header",
        "content": "Outros"
      },
      {
        "type": "checkbox",
        "id": "show_vendor",
        "label": "Mostrar vendedor",
        "default": false
      },
      {
        "type": "checkbox",
        "id": "show_secondary_image",
        "label": "Mostrar imagem secundária ao passar o mouse",
        "default": false
      },
      {
        "type": "checkbox",
        "id": "show_discount",
        "label": "Mostrar desconto",
        "default": true
      },
      {
        "type": "select",
        "id": "discount_mode",
        "label": "Mostrar o desconto como...",
        "options": [
          {
            "value": "percentage",
            "label": "Porcentagem"
          },
          {
            "value": "saving",
            "label": "Salvo"
          }
        ],
        "default": "saving"
      },
      {
        "type": "select",
        "id": "product_price_position",
        "label": "Price position",
        "options": [
          {
            "value": "before_title",
            "label": "Before product title"
          },
          {
            "value": "after_title",
            "label": "After product title"
          }
        ],
        "default": "after_title"
      },
      {
        "type": "select",
        "id": "product_image_size",
        "label": "Product image size",
        "options": [
          {
            "value": "natural",
            "label": "Natural"
          },
          {
            "value": "short",
            "label": "Short (4:3)"
          },
          {
            "value": "square",
            "label": "Square (1:1)"
          },
          {
            "value": "tall",
            "label": "Tall (2:3)"
          }
        ],
        "default": "natural"
      },
      {
        "type": "checkbox",
        "id": "show_color_swatch",
        "label": "Mostrar amostra de cor",
        "info": "As cores aparecem em branco? [Saiba mais](http://support.maestrooo.com/article/80-product-uploading-custom-color-for-color-swatch)",
        "default": false
      },
      {
        "type": "checkbox",
        "id": "show_inventory_quantity",
        "label": "Mostrar inventário",
        "default": false
      },
      {
        "type": "range",
        "id": "low_inventory_threshold",
        "label": "Baixo limite de estoque",
        "info": "Mostrar a quantidade em estoque em vermelho quando a quantidade estiver abaixo do limite. Escolha 0 para sempre mostrar em estoque, se disponível.",
        "min": 0,
        "max": 100,
        "step": 1,
        "default": 0
      },
      {
        "type": "checkbox",
        "id": "show_reviews_badge",
        "label": "Mostrar selo de avaliações",
        "info": "Você precisa instalar o aplicativo [Avaliações de produtos gratuitas do Shopify](https://apps.shopify.com/product-reviews) antes de ativar esta opção.",
        "default": false
      }
    ]
  },
  {
    "name": "Carrinho",
    "settings": [
      {
        "type": "select",
        "id": "cart_type",
        "label": "Tipo de carrinho",
        "options": [
          {
            "value": "drawer",
            "label": "Drawer"
          },
          {
            "value": "page",
            "label": "Page"
          }
        ],
        "default": "drawer"
      },
      {
        "type": "url",
        "id": "cart_empty_button_link",
        "label": "Link de botão vazio",
        "default": "/collections/all"
      },
      {
        "type": "checkbox",
        "id": "cart_show_free_shipping_threshold",
        "label": "Mostrar valor mínimo de frete grátis",
        "info": "Certifique-se de ter configurado corretamente suas [taxas de envio](/admin/settings/shipping).",
        "default": false
      },
      {
        "type": "text",
        "id": "cart_free_shipping_threshold",
        "label": "Valor mínimo de frete grátis",
        "info": "Escreva apenas um número, sem letras. O texto pode ser alterado em [configurações de idioma](https://support.maestrooo.com/article/55- Changing-themes-wording).",
        "default": "50"
      }
    ]
  },
  {
    "name": "Redes Sociais",
    "settings": [
      {
        "type": "header",
        "content": "Contas"
      },
      {
        "type": "text",
        "id": "social_facebook",
        "info": "https://www.facebook.com/shopify",
        "label": "Facebook"
      },
      {
        "type": "text",
        "id": "social_twitter",
        "info": "https://twitter.com/shopify",
        "label": "Twitter"
      },
      {
        "type": "text",
        "id": "social_pinterest",
        "info": "https://www.pinterest.com/shopify",
        "label": "Pinterest"
      },
      {
        "type": "text",
        "id": "social_instagram",
        "info": "https://instagram.com/shopify",
        "label": "Instagram"
      },
      {
        "type": "text",
        "id": "social_vimeo",
        "info": "https://vimeo.com/shopify",
        "label": "Vimeo"
      },
      {
        "type": "text",
        "id": "social_tumblr",
        "info": "https://shopify.tumblr.com",
        "label": "Tumblr"
      },
      {
        "type": "text",
        "id": "social_youtube",
        "info": "https://www.youtube.com/user/shopify",
        "label": "YouTube"
      },
      {
        "type": "text",
        "id": "social_linkedin",
        "info": "https://linkedin.com/in/shopify",
        "label": "LinkedIn"
      },
      {
        "type": "text",
        "id": "social_snapchat",
        "info": "https://snapchat.com/add/shopify",
        "label": "Snapchat"
      },
      {
        "type": "text",
        "id": "social_fancy",
        "info": "https://fancy.com/Shopify",
        "label": "Fancy"
      }
    ]
  },
  {
    "name": "Favicon",
    "settings": [
      {
        "type": "image_picker",
        "id": "favicon",
        "label": "Imagem",
        "info": "96 x 96px .png recomendado"
      }
    ]
  }
]
